{"accuracy": 0.9058919803600655, "precision": 0.8268156424581006, "recall": 0.6379310344827587, "f1_score": 0.7201946472019465}